{"animation":{"name":"Scene","ID":"UANI","length":0.1,"trackSize":1,"tracks":[{"bone":"Bone","chanelMask":3,"keyFramesSize":4,"keyframes":[{"time":0.0,"pos":[0.0,0.0,-0.0],"quaternion":[-0.707106,-0.707106,-2.4866497483344576e-7,1.9527990957612929e-7],"scale":[1.0,1.0,1.0]},{"time":0.033333,"pos":[0.0,0.127034,-0.0],"quaternion":[-0.625063,-0.780574,-2.2568346480511537e-7,2.2143962041809574e-7],"scale":[1.0,1.0,1.0]},{"time":0.066666,"pos":[0.0,0.063517,-0.0],"quaternion":[-0.667097,-0.74497,-2.3753466393827694e-7,2.0867641126187665e-7],"scale":[1.0,1.0,1.0]},{"time":0.1,"pos":[0.0,0.0,-0.0],"quaternion":[-0.707106,-0.707106,-2.4866497483344576e-7,1.9527990957612929e-7],"scale":[1.0,1.0,1.0]}]}]}}