{"skeleton":[{"name":"骨架.002","parent":"骨架.002","initpos":[0.0,0.071037,-0.0],"initquaternion":[0.707106,0.0,-0.0,0.707106],"initscale":[16.0,16.0,16.0],"offmtx":[[1.0,0.0,0.0,0.0],[0.0,1.0,0.0,0.0],[0.0,0.0,1.0,0.0]],"boundingbox":[[0.0,0.0,0.0],[0.0,0.0,0.0]]},{"name":"Bone","parent":"骨架.002","initpos":[0.0,0.0,-0.0],"initquaternion":[0.0,0.0,0.0,1.0],"initscale":[1.0,1.0,1.0],"offmtx":[[0.0625,0.0,-0.0,-0.0],[0.0,0.0,0.0625,0.0],[0.0,-0.0625,0.0,0.004439]],"boundingbox":[[-0.058073,-0.058073,-0.499846],[0.499846,0.499846,0.058074]]}],"boundingbox":[[-0.92918,-0.858143,-0.929181],[7.997542,8.068579,7.997542]]}