{"skeleton":[{"name":"骨架","parent":"骨架","initpos":[0.0,0.0,-0.02273],"initquaternion":[-0.5,0.5,0.5,-0.499999],"initscale":[15.999999,16.0,15.999999],"offmtx":[[1.0,0.0,0.0,0.0],[0.0,1.0,0.0,0.0],[0.0,0.0,1.0,0.0]],"boundingbox":[[0.0,0.0,0.0],[0.0,0.0,0.0]]},{"name":"Bone","parent":"骨架","initpos":[0.0,0.0,-0.0],"initquaternion":[0.707106,0.707106,2.4866500325515519e-7,-1.9527995220869344e-7],"initscale":[0.999999,1.0,0.999999],"offmtx":[[-0.0,0.0,0.0625,0.00142],[-0.0,-0.0625,0.0,0.0],[0.0625,-0.0,0.0,0.0]],"boundingbox":[[-1.328096,-0.322536,-0.125028],[0.040799,0.24684,0.124971]]}],"boundingbox":[[-2.000458,-3.949451,-21.272274],[1.999542,5.160583,0.630054]]}