{"skeleton":[{"name":"骨架.001","parent":"骨架.001","initpos":[0.0,0.0,-0.0],"initquaternion":[0.707106,0.0,0.0,0.707106],"initscale":[16.0,16.0,16.0],"offmtx":[[1.0,0.0,0.0,0.0],[0.0,1.0,0.0,0.0],[0.0,0.0,1.0,0.0]],"boundingbox":[[0.0,0.0,0.0],[0.0,0.0,0.0]]},{"name":"Bone","parent":"骨架.001","initpos":[0.0,0.0,-0.0],"initquaternion":[-0.707106,0.0,0.0,0.707106],"initscale":[1.0,1.0,1.0],"offmtx":[[0.0625,0.0,0.0,0.0],[0.0,0.0625,0.0,0.0],[0.0,0.0,0.0625,0.0]],"boundingbox":[[-0.5,0.0,-0.5],[0.5,1.349008,0.5]]},{"name":"Bone.001","parent":"Bone","initpos":[0.0,1.349008,-0.0],"initquaternion":[0.0,0.0,0.0,1.0],"initscale":[1.0,1.0,1.0],"offmtx":[[0.0625,0.0,0.0,0.0],[0.0,0.0625,0.0,-1.349008],[0.0,0.0,0.0625,0.0]],"boundingbox":[[-0.5,0.0,-0.5],[0.5,1.349008,0.5]]}],"boundingbox":[[-8.0,0.0,-8.0],[8.0,43.168281,8.0]]}