{"skeleton":[{"name":"root","parent":"root","initpos":[0.0,0.0,-0.0],"initquaternion":[0.707104,0.707104,-0.001851,0.001851],"initscale":[0.999999,0.999999,0.999999],"offmtx":[[0.0,0.999986,-0.005236,0.0],[1.0,-0.0,0.0,0.0],[0.0,-0.005236,-0.999986,0.0]],"boundingbox":[[-0.058726,-5.99812,-11.224985],[2.892136,5.998123,11.185923]]}],"boundingbox":[[-5.99812,-0.06385,-11.186074],[5.998123,2.908533,11.215906]]}